"t","smoothMedian","smooth5","smooth95","date","pop","sens","spec","rpos","n_tested","p_infected","p_tested","p_infected_tested","p_tested_infected"
31,633.181648236726,532.609995335185,725.179176698292,"2021-02-01",17890100,0.7,0.999,0.078,109200,3.53928512549805e-05,0.00608534358789836,0.110157367668097,18.9401364182121
32,650.414635437163,550.28607494959,750.824002262153,"2021-02-02",17890100,0.7,0.999,0.0768571428571429,107943,3.63561207280654e-05,0.00601550637900505,0.108522378908645,17.9561804041929
33,670.691700079735,566.557989908461,777.431431499456,"2021-02-03",17890100,0.7,0.999,0.0757142857142857,106686,3.74895445011339e-05,0.00594566426301457,0.106887390149193,16.9518340175547
34,697.503265716142,582.987277050455,805.001464410199,"2021-02-04",17890100,0.7,0.999,0.0745714285714286,105429,3.89882262098111e-05,0.00587581723958219,0.10525240138974,15.8623239555749
35,737.341982637699,599.841975899713,833.534100994383,"2021-02-05",17890100,0.7,0.999,0.0734285714285714,104171,4.12150844678173e-05,0.00580590973605832,0.103617412630288,14.5964360520749
36,761.488269177243,617.122086456236,853.343461236978,"2021-02-06",17890100,0.7,0.999,0.0722857142857143,102914,4.25647855057961e-05,0.00573605289280288,0.101982423870836,13.7432051050674
37,789.766252254261,634.792807774321,868.329637081087,"2021-02-07",17890100,0.7,0.999,0.0711428571428571,101657,4.41454353108289e-05,0.0056661911410707,0.100347435111384,12.8798763417746
38,811.092808376748,651.832789315414,878.492628526711,"2021-02-08",17890100,0.7,0.999,0.07,100400,4.53375223378711e-05,0.00559632448051695,0.0987124463519313,12.1847611330445
39,828.16992439889,668.101974066645,886.478180942513,"2021-02-09",17890100,0.7,0.999,0.0691428571428571,100800,4.62920791051414e-05,0.0056185578405783,0.0974862047823421,11.8320864134015
40,832.468525195334,682.99913833944,892.694530785544,"2021-02-10",17890100,0.7,0.999,0.0682857142857143,101200,4.653235729232e-05,0.0056407907035354,0.0962599632127529,11.6689189460594
41,824.010645547379,690.609791161811,897.141678055805,"2021-02-11",17890100,0.7,0.999,0.0674285714285714,101600,4.60595885739811e-05,0.00566302306939936,0.0950337216431637,11.684389172771
42,796.169866817829,690.933932533757,899.585616183046,"2021-02-12",17890100,0.7,0.999,0.0665714285714286,102000,4.4503377109006e-05,0.00568525493818128,0.0938074800735745,11.9837970502851
43,777.196270273615,683.97156245528,909.985232847589,"2021-02-13",17890100,0.7,0.999,0.0657142857142857,102400,4.34428130795029e-05,0.00570748630989237,0.0925812385039853,12.1632581745423
44,767.089855914738,669.757481872078,928.340528049434,"2021-02-14",17890100,0.7,0.999,0.0648571428571429,102800,4.28778964854717e-05,0.00572971718454363,0.0913549969343962,12.2076486659343
45,759.240219455811,663.387365977449,954.552759043914,"2021-02-15",17890100,0.7,0.999,0.064,103200,4.24391266374034e-05,0.00575194756214614,0.0901287553648069,12.215517042308
46,768.480793999625,665.001271784262,981.984891723657,"2021-02-16",17890100,0.7,0.999,0.0647142857142857,103229,4.29556455245988e-05,0.00575355924519827,0.0911506233394645,12.2088844252157
47,798.566273052675,671.864476919797,1009.48893974666,"2021-02-17",17890100,0.7,0.999,0.0654285714285714,103257,4.4637328637217e-05,0.00575511535049378,0.0921724913141222,11.8838500387516
48,849.49665661496,686.539216311305,1037.06490311293,"2021-02-18",17890100,0.7,0.999,0.0661428571428571,103286,4.74841759752578e-05,0.00575672702841101,0.0931943592887798,11.2983846933074
49,875.062627526097,712.853938611513,1058.03351832174,"2021-02-19",17890100,0.7,0.999,0.0668571428571429,103314,4.89132328788602e-05,0.0057582831287486,0.0942162272634376,11.0915529392429
50,923.056432013038,746.96504770675,1072.1217777078,"2021-02-20",17890100,0.7,0.999,0.0675714285714286,103343,5.15959347355821e-05,0.00575989480153072,0.0952380952380953,10.6318726946386
51,950.731331688391,777.505825698399,1081.74724583765,"2021-02-21",17890100,0.7,0.999,0.0682857142857143,103371,5.31428740861365e-05,0.00576145089691038,0.0962599632127529,10.4359626935073
52,976.641185141111,797.541784011,1081.97930323008,"2021-02-22",17890100,0.7,0.999,0.069,103400,5.45911529360435e-05,0.00576306256455761,0.0972818311874106,10.2698193640387
53,982.507177826833,807.072922644554,1072.68629289219,"2021-02-23",17890100,0.7,0.999,0.068,104086,5.49190433718555e-05,0.00580118607879354,0.0958512160228899,10.1249167117208
54,962.750958475636,809.009775953088,1055.49310762413,"2021-02-24",17890100,0.7,0.999,0.067,104771,5.38147332030361e-05,0.00583925256076157,0.0944206008583691,10.2452563180184
55,913.24444547717,806.704599981341,1035.8087994923,"2021-02-25",17890100,0.7,0.999,0.066,105457,5.10474757255225e-05,0.00587737315353054,0.0929899856938484,10.7064421442285
56,896.829661327032,798.935772710148,1018.51979297839,"2021-02-26",17890100,0.7,0.999,0.065,106143,5.01299412148077e-05,0.00591549228458454,0.0915593705293276,10.8042965306264
57,858.580529545018,789.546890253179,1002.93092810222,"2021-02-27",17890100,0.7,0.999,0.064,106829,4.79919357379231e-05,0.00595360995397975,0.0901287553648069,11.1808670942128
58,840.234010458018,789.904670509051,987.179149261765,"2021-02-28",17890100,0.7,0.999,0.063,107514,4.69664233547056e-05,0.00599167059985073,0.0886981402002861,11.3155314145557
59,826.77252097062,793.319985498173,974.714973449847,"2021-03-01",17890100,0.7,0.999,0.062,108200,4.62139686737704e-05,0.00602978534822685,0.0872675250357654,11.3862639140822
60,820.835294947066,799.792835220545,968.269360338084,"2021-03-02",17890100,0.7,0.999,0.0634285714285714,108443,4.58820965196989e-05,0.00604328628610107,0.0893112609850807,11.7634885858758
61,825.035385167755,809.323219676168,970.834196235269,"2021-03-03",17890100,0.7,0.999,0.0648571428571428,108686,4.61168682773017e-05,0.0060567870405942,0.091354996934396,11.9981642768685
62,840.562088799831,821.91113886504,977.023287139305,"2021-03-04",17890100,0.7,0.999,0.0662857142857143,108929,4.69847618962348e-05,0.00607028761170869,0.0933987328837114,12.066830782827
63,859.45971963553,836.04667464758,984.809266481882,"2021-03-05",17890100,0.7,0.999,0.0677142857142857,109171,4.80410796829269e-05,0.0060837324426718,0.0954424688330268,12.0864570047232
64,883.873979080329,850.851086082192,999.974423297857,"2021-03-06",17890100,0.7,0.999,0.0691428571428571,109414,4.9405759558657e-05,0.00609723264779127,0.0974862047823421,12.0309064331349
65,914.04807935603,865.61252951163,1019.56617506228,"2021-03-07",17890100,0.7,0.999,0.0705714285714286,109657,5.10923963172945e-05,0.00611073266953965,0.0995299407316575,11.9039407869858
66,951.327247867605,879.668178107166,1050.91497559541,"2021-03-08",17890100,0.7,0.999,0.072,109900,5.31761839155513e-05,0.00612423250791938,0.101573676680973,11.6981093202625
67,987.062191935675,892.258801603604,1080.3049220788,"2021-03-09",17890100,0.7,0.999,0.0735714285714286,111500,5.51736542521101e-05,0.00621311575427141,0.10382178622522,11.6913911970556
68,1012.89622531892,901.091123929265,1103.11923540349,"2021-03-10",17890100,0.7,0.999,0.0751428571428571,113100,5.66176949999676e-05,0.00630199105171103,0.106069895769467,11.8064067072226
69,1037.65881043344,908.595163504506,1119.3350575052,"2021-03-11",17890100,0.7,0.999,0.0767142857142857,114700,5.80018451788106e-05,0.00639085840094911,0.108318005313713,11.9348795214896
70,1051.98089272317,909.439414397283,1133.00660054151,"2021-03-12",17890100,0.7,0.999,0.0782857142857143,116300,5.88024042751673e-05,0.00647971780269641,0.11056611485796,12.1838083263997
71,1055.56317774248,904.264381068567,1139.04673545775,"2021-03-13",17890100,0.7,0.999,0.0798571428571429,117900,5.90026426762556e-05,0.00656856925766358,0.112814224402207,12.5592348515893
72,1051.94220613277,893.781907175603,1139.85353581435,"2021-03-14",17890100,0.7,0.999,0.0814285714285714,119500,5.88002418171374e-05,0.00665741276656151,0.115062333946454,13.0274540936026
73,1038.02669208212,879.560099356606,1132.81770532129,"2021-03-15",17890100,0.7,0.999,0.083,121100,5.80224085992879e-05,0.00674624833010062,0.117310443490701,13.6396506558023
74,1019.43467728688,862.358187876773,1128.92418712542,"2021-03-16",17890100,0.7,0.999,0.0842857142857143,122586,5.69831737825322e-05,0.00682874724399296,0.119149805845085,14.2786695488754
75,1002.4011402596,844.469448807782,1128.17298122674,"2021-03-17",17890100,0.7,0.999,0.0855714285714286,124071,5.60310529432256e-05,0.00691118379506361,0.120989168199469,14.9234814395808
76,979.883789046383,823.463863729278,1130.56408762525,"2021-03-18",17890100,0.7,0.999,0.0868571428571429,125557,5.4772404237337e-05,0.00699366900953946,0.122828530553853,15.6834833084828
77,959.589650917858,803.576030079322,1136.09750632095,"2021-03-19",17890100,0.7,0.999,0.0881428571428571,127043,5.36380261104107e-05,0.00707614737285511,0.124667892908236,16.4466973685069
78,941.020096147121,785.044184338543,1144.77323731384,"2021-03-20",17890100,0.7,0.999,0.0894285714285714,128529,5.26000467379792e-05,0.00715861888557956,0.12650725526262,17.2170422432712
79,921.405149931451,767.86832650694,1156.59128060392,"2021-03-21",17890100,0.7,0.999,0.0907142857142857,130014,5.15036332905602e-05,0.00724102805619564,0.128346617617004,18.0445805413281
80,916.561581155844,763.158518758308,1168.43737811167,"2021-03-22",17890100,0.7,0.999,0.092,131500,5.12328931171902e-05,0.00732348587405374,0.130185979971388,18.6094348242145
81,950.934501582725,767.039335746995,1180.25542140174,"2021-03-23",17890100,0.7,0.999,0.0951428571428571,127900,5.31542306405624e-05,0.00712371085124786,0.134682199059881,18.0500598230961
82,958.207463606451,770.699027539478,1204.41520160264,"2021-03-24",17890100,0.7,0.999,0.0982857142857143,124300,5.35607662118407e-05,0.00692389562394502,0.139178418148375,17.9918419492679
83,972.210242258957,774.137594135757,1240.91671871435,"2021-03-25",17890100,0.7,0.999,0.101428571428571,120700,5.43434772448984e-05,0.00672404018405437,0.143674637236868,17.7771847365698
84,976.706394122644,777.35503553583,1289.75997273688,"2021-03-26",17890100,0.7,0.999,0.104571428571429,117100,5.4594797911842e-05,0.00652414452348304,0.148170856325363,17.7065969251483
85,970.038208957288,780.3513517397,1350.94496367023,"2021-03-27",17890100,0.7,0.999,0.107714285714286,113500,5.42220674539152e-05,0.00632420863413674,0.152667075413857,17.8063744489515
86,952.205686762888,783.126542747364,1424.4716915144,"2021-03-28",17890100,0.7,0.999,0.110857142857143,109900,5.3225285871118e-05,0.00612423250791938,0.157163294502351,18.0835958227383
87,1002.69838309962,792.209482832136,1510.31210205172,"2021-03-29",17890100,0.7,0.999,0.114,106300,5.60476678777436e-05,0.00592421613673344,0.161659513590844,17.0873460990455
88,1100.90858476543,811.475597339666,1608.52230371752,"2021-03-30",17890100,0.7,0.999,0.115857142857143,106829,6.15373074921566e-05,0.00595360995397975,0.164316370324954,15.8972762676229
89,1218.91129733242,849.736636203477,1685.76144192725,"2021-03-31",17890100,0.7,0.999,0.117714285714286,107357,6.81332858582356e-05,0.00598294733967164,0.166973227059064,14.6623197757997
90,1324.02835974968,906.992599423572,1742.02951668089,"2021-04-01",17890100,0.7,0.999,0.119571428571429,107886,7.40089971408589e-05,0.00601233942029566,0.169630083793175,13.7804007493395
91,1426.80692177481,983.243486999948,1777.32652797846,"2021-04-02",17890100,0.7,0.999,0.121428571428571,108414,7.97539936487113e-05,0.00604167507269915,0.172286940527283,13.0514055323687
92,1531.10827058638,1078.48929893261,1797.04218010606,"2021-04-03",17890100,0.7,0.999,0.123285714285714,108943,8.55841091210435e-05,0.00607106541680347,0.174943797261393,12.4099584414179
93,1645.85176342852,1192.18546268045,1804.07307071431,"2021-04-04",17890100,0.7,0.999,0.125142857142857,109471,9.19979074140737e-05,0.00610039933602102,0.177600653995504,11.7767342993426
94,1687.71461761984,1285.24449598075,1817.89396617796,"2021-04-05",17890100,0.7,0.999,0.127,110000,9.43379085427046e-05,0.00612978794370811,0.180257510729614,11.7125801610605
95,1656.27142376918,1357.66639883351,1838.504866497,"2021-04-06",17890100,0.7,0.999,0.127857142857143,113586,9.25803334676262e-05,0.0063289853494759,0.181483752299203,12.4066091193247
96,1647.56001959402,1409.45117123874,1886.87683512753,"2021-04-07",17890100,0.7,0.999,0.128714285714286,117171,9.20933935301659e-05,0.00652808729897214,0.182709993868793,12.9514913572975
97,1661.58040509437,1440.59881319644,1934.4328016538,"2021-04-08",17890100,0.7,0.999,0.129571428571429,120757,9.2877088730324e-05,0.00672720487520351,0.183936235438382,13.3227339129942
98,1677.21682444591,1451.10932470659,1981.1727660758,"2021-04-09",17890100,0.7,0.999,0.130428571428571,124343,9.37511151109222e-05,0.00692628254310057,0.18516247700797,13.6797053626528
99,1673.86145977469,1440.98270576921,2021.70702410743,"2021-04-10",17890100,0.7,0.999,0.131285714285714,127929,9.35635608394973e-05,0.00712532031066204,0.186388718577559,14.194407633087
100,1655.69398875749,1410.76352892539,2064.00667857871,"2021-04-11",17890100,0.7,0.999,0.132142857142857,131514,9.25480566770163e-05,0.00732426269845132,0.187614960147149,14.8478671904783
101,1624.49892442131,1395.43688162818,2096.02903564747,"2021-04-12",17890100,0.7,0.999,0.133,135100,9.08043512569136e-05,0.00752322070045242,0.188841201716738,15.6456603476423
102,1641.78983166089,1387.43631737286,2109.6857788231,"2021-04-13",17890100,0.7,0.999,0.133,136600,9.17708582769739e-05,0.0076064316831852,0.188841201716738,15.6521114305561
103,1652.87090437687,1386.76183615945,2115.08730371886,"2021-04-14",17890100,0.7,0.999,0.133,138100,9.23902551901258e-05,0.00768963568936409,0.188841201716738,15.7172424879137
104,1663.13044350434,1393.41343798795,2140.8106807505,"2021-04-15",17890100,0.7,0.999,0.133,139600,9.29637309743568e-05,0.00777283271957407,0.188841201716738,15.7892874578414
105,1682.91450394461,1407.39112285834,2186.855909918,"2021-04-16",17890100,0.7,0.999,0.133,141100,9.40695973719884e-05,0.00785602277440012,0.188841201716738,15.7706721712146
106,1738.21460387528,1428.69489077064,2253.22299122137,"2021-04-17",17890100,0.7,0.999,0.133,142600,9.71606980327265e-05,0.00793920585442709,0.188841201716738,15.4306134536167
107,1792.73638394743,1457.32474172484,2300.48001499247,"2021-04-18",17890100,0.7,0.999,0.133,144100,0.000100208293075356,0.00802238196023952,0.188841201716738,15.1180726016665
108,1813.79978839694,1478.38814617435,2321.19490869873,"2021-04-19",17890100,0.7,0.999,0.133,145600,0.000101385670756281,0.00810555109242239,0.188841201716738,15.0974195608864
109,1812.38998640636,1481.41084707569,2323.45598883075,"2021-04-20",17890100,0.7,0.999,0.131142857142857,145229,0.000101306867284496,0.00808498124280121,0.186184344982628,14.8587847718212
110,1842.73870110291,1471.6751509597,2297.15285977527,"2021-04-21",17890100,0.7,0.999,0.129285714285714,144857,0.000103003264436918,0.00806435552053897,0.183527488248518,14.3687767675945
111,1783.11819923138,1438.67609997559,2261.05785116633,"2021-04-22",17890100,0.7,0.999,0.127428571428571,144486,9.96706669739901e-05,0.00804378481660639,0.180870631514408,14.5969168634666
112,1725.1035082553,1382.41369412337,2215.17096300391,"2021-04-23",17890100,0.7,0.999,0.125571428571429,144114,9.64278292606134e-05,0.00802315823771216,0.178213774780299,14.8280566530015
113,1660.87664912569,1302.88793340303,2159.49219528802,"2021-04-24",17890100,0.7,0.999,0.123714285714286,143743,9.28377509977971e-05,0.00800258667943288,0.175556918046189,15.1329544149778
114,1613.63294627056,1200.09881781457,2122.58575720616,"2021-04-25",17890100,0.7,0.999,0.121857142857143,143371,9.01969774495704e-05,0.00798195924387113,0.172900061312079,15.3007482254873
115,1577.0932529786,1112.90640847473,2093.27408359051,"2021-04-26",17890100,0.7,0.999,0.12,143000,8.81545241769806e-05,0.00796138683120939,0.170243204577969,15.3749568690185
116,1479.18424456368,1059.35140893168,2072.74158148584,"2021-04-27",17890100,0.7,0.999,0.118,141229,8.26817203125572e-05,0.00786317679339776,0.167381974248927,15.918319679028
117,1362.43577068537,1030.88028084573,2062.48508692509,"2021-04-28",17890100,0.7,0.999,0.116,139457,7.61558499217651e-05,0.00776490157016563,0.164520743919886,16.7746454684794
118,1343.18726366378,1031.22892674408,2042.33957723735,"2021-04-29",17890100,0.7,0.999,0.114,137686,7.5079919266174e-05,0.00766667208066651,0.161659513590844,16.5076160381467
119,1340.63339695836,1060.39734662673,2022.06899360124,"2021-04-30",17890100,0.7,0.999,0.112,135914,7.49371661957373e-05,0.00756837739283633,0.158798283261803,16.0380409091078
120,1357.20844931448,1118.38554049369,2006.19500560336,"2021-05-01",17890100,0.7,0.999,0.11,134143,7.58636591922057e-05,0.00747012844779738,0.155937052932761,15.3547802410562
121,1392.91242073213,1205.19350834495,1986.79256372368,"2021-05-02",17890100,0.7,0.999,0.108,132371,7.78593982555788e-05,0.00737181429151379,0.15307582260372,14.4933888783873
122,1455.79805983726,1281.96118906378,1984.59810331702,"2021-05-03",17890100,0.7,0.999,0.106,130600,8.13745065615765e-05,0.0072735458870814,0.150214592274678,13.4267201852994
123,1579.33792006435,1341.11245641266,2012.03937860586,"2021-05-04",17890100,0.7,0.999,0.102285714285714,130114,8.82799939667386e-05,0.00724657724946776,0.144900878806458,11.8943756632152
124,1716.0374107147,1385.91854220045,2067.61955355727,"2021-05-05",17890100,0.7,0.999,0.0985714285714286,129629,9.59210630859917e-05,0.00721966337250135,0.139587165338238,10.5062674707881
125,1883.27312542519,1423.14850175072,2152.73132120813,"2021-05-06",17890100,0.7,0.999,0.0948571428571429,129143,0.000105269010537962,0.00719269327110272,0.134273451870018,9.17447355891065
126,2051.25661796119,1452.80233506348,2253.19495776382,"2021-05-07",17890100,0.7,0.999,0.0911428571428571,128657,0.000114658756405006,0.00716572243702818,0.128959738401798,8.05947770508619
127,2120.78296447877,1474.88004213873,2326.92305860051,"2021-05-08",17890100,0.7,0.999,0.0874285714285714,128171,0.00011854505924946,0.0071387508702575,0.123646024933579,7.4459296210819
128,2091.85216497794,1487.30858474661,2381.84067323825,"2021-05-09",17890100,0.7,0.999,0.0837142857142857,127686,0.000116927919071327,0.00711183407008198,0.118332311465359,7.19725255486275
129,2053.45995480344,1484.75255792737,2408.38893149001,"2021-05-10",17890100,0.7,0.999,0.08,127200,0.000114781915964888,0.00708486103936745,0.113018597997139,6.97602104776508
130,2054.13419201952,1470.41963937767,2392.95567208854,"2021-05-11",17890100,0.7,0.999,0.0762857142857143,130271,0.000114819603692518,0.0072552894203276,0.107704884528919,6.80572031351812
131,2000.96442943426,1443.37533801858,2336.45412580328,"2021-05-12",17890100,0.7,0.999,0.0725714285714286,133343,0.000111847582150701,0.00742574402996488,0.102391171060699,6.79791742123351
132,1867.90338613445,1403.6196538501,2238.8842926342,"2021-05-13",17890100,0.7,0.999,0.0688571428571429,136414,0.000104409890729199,0.00759611390024884,0.0970774575924791,7.06265871814405
133,1693.24443625993,1351.15258687224,2104.66195519733,"2021-05-14",17890100,0.7,0.999,0.0651428571428571,139486,9.46470079127523e-05,0.00776650999020523,0.0917637441242591,7.52991617164129
134,1576.19250365465,1285.97413708498,1971.35284852988,"2021-05-15",17890100,0.7,0.999,0.0614285714285714,142557,8.81041751390238e-05,0.00793682136990048,0.0864500306560392,7.787808576117
135,1516.7475883186,1210.1573427182,1838.95697263185,"2021-05-16",17890100,0.7,0.999,0.0577142857142857,145629,8.47813924080134e-05,0.0081071589602667,0.0811363171878193,7.75860129457013
136,1434.76835662067,1129.03760873163,1707.51546938754,"2021-05-17",17890100,0.7,0.999,0.054,148700,8.01990126729683e-05,0.00827741186945419,0.0758226037195994,7.82571878485327
137,1280.94067402831,1044.73578320911,1585.8702849164,"2021-05-18",17890100,0.7,0.999,0.0522857142857143,143643,7.16005318040877e-05,0.0079970417120262,0.073370120580421,8.19468654651139
138,1153.21472214011,958.186357229576,1473.10818844903,"2021-05-19",17890100,0.7,0.999,0.0505714285714286,138586,6.44610551165231e-05,0.00771659229107613,0.0709176374412426,8.48950569287458
139,1060.26118823244,869.389330793017,1363.64085637007,"2021-05-20",17890100,0.7,0.999,0.0488571428571429,133529,5.92652466018882e-05,0.00743606358419557,0.0684651543020642,8.59038424511829
140,993.575144400052,778.344703899438,1256.51820010004,"2021-05-21",17890100,0.7,0.999,0.0471428571428571,128471,5.55377076930846e-05,0.00715540007209681,0.0660126711628857,8.50497961868583
141,904.838623772329,685.052476548839,1160.29975446879,"2021-05-22",17890100,0.7,0.999,0.0454285714285714,123414,5.05776168815339e-05,0.00687471271041429,0.0635601880237073,8.63935589346516
142,824.596626464579,589.51264874122,1074.98551947634,"2021-05-23",17890100,0.7,0.999,0.0437142857142857,118357,4.60923430536766e-05,0.00659394599553287,0.0611077048845289,8.74203564462543
143,769.798680676691,505.86734109764,1000.53435323838,"2021-05-24",17890100,0.7,0.999,0.042,113300,4.3029311221105e-05,0.00631309990501849,0.0586552217453505,8.60567516237136
144,715.749095554314,436.36415407512,928.104309635446,"2021-05-25",17890100,0.7,0.999,0.0401428571428571,112871,4.00081103825196e-05,0.00628927126216627,0.0559983650112405,8.8029378150129
145,663.527068009294,381.003087673661,857.695388667544,"2021-05-26",17890100,0.7,0.999,0.0382857142857143,112443,3.70890642315747e-05,0.00626549759452089,0.0533415082771306,9.01104136010951
146,619.70500525122,339.784141893261,794.895913950006,"2021-05-27",17890100,0.7,0.999,0.0364285714285714,112014,3.46395495414346e-05,0.00624166781016378,0.0506846515430206,9.13281962939571
147,564.272115080484,312.707316733922,741.358194940056,"2021-05-28",17890100,0.7,0.999,0.0345714285714286,111586,3.15410263263193e-05,0.00621789300364706,0.0480277948089107,9.46803969640426
148,535.560504213926,299.772612195642,689.349390024755,"2021-05-29",17890100,0.7,0.999,0.0327142857142857,111157,2.99361380995034e-05,0.00619406207773032,0.0453709380748007,9.38766403422076
149,503.025172536242,300.980028278423,638.395962234691,"2021-05-30",17890100,0.7,0.999,0.0308571428571429,110729,2.81175159745469e-05,0.00617028613228776,0.0427140813406908,9.37344906244418
150,474.614762491806,299.187623480429,588.515237806337,"2021-05-31",17890100,0.7,0.999,0.029,110300,2.65294639209287e-05,0.00614645406475678,0.0400572246065808,9.28062066160949
151,442.338687968789,294.395397801662,539.724317242811,"2021-06-01",17890100,0.7,0.999,0.0275714285714286,110286,2.47253334508353e-05,0.00614567631865792,0.0380134886572655,9.44855192732035
152,405.042758687783,286.603351242121,492.023200544112,"2021-06-02",17890100,0.7,0.999,0.0261428571428571,110271,2.2640608978585e-05,0.00614484301859097,0.0359697527079501,9.7624796230947
153,352.67478665604,275.811483801805,445.411887710242,"2021-06-03",17890100,0.7,0.999,0.0247142857142857,110257,1.97134049924841e-05,0.00614406527123135,0.0339260167586348,10.5737015719715
154,305.245564073164,262.019795480716,403.694384546929,"2021-06-04",17890100,0.7,0.999,0.0232857142857143,110243,1.70622614783128e-05,0.0061432875232631,0.0318822808093195,11.4792530965497
155,273.18561968886,245.228286278853,366.884623511576,"2021-06-05",17890100,0.7,0.999,0.0218571428571429,110229,1.52702119993102e-05,0.00614250977468633,0.0298385448600042,12.0026855863737
156,253.394289606223,225.436956196216,336.197867062506,"2021-06-06",17890100,0.7,0.999,0.0204285714285714,110214,1.41639392516656e-05,0.00614167647196429,0.0277948089106887,12.0522067269842
157,234.939985176921,208.744113612129,311.616788963242,"2021-06-07",17890100,0.7,0.999,0.019,110200,1.31324020087602e-05,0.00614089872212664,0.0257510729613734,12.0415694658449
158,217.822706400953,195.149758526592,293.124288710667,"2021-06-08",17890100,0.7,0.999,0.018,109186,1.2175600270594e-05,0.00608456579397709,0.0243204577968526,12.1537683823267
159,202.042453278321,184.653890939605,280.720366304782,"2021-06-09",17890100,0.7,0.999,0.017,108171,1.1293534037167e-05,0.00602817411293988,0.0228898426323319,12.2179608571937
160,191.079006592184,177.256510851168,274.405021745588,"2021-06-10",17890100,0.7,0.999,0.016,107157,1.06807120470083e-05,0.00597183479544661,0.0214592274678112,11.9983537344379
161,184.932366342544,172.95761826128,267.812112991957,"2021-06-11",17890100,0.7,0.999,0.015,106143,1.03371343001182e-05,0.00591549228458454,0.0200286123032904,11.4615035571024
162,183.157863933465,171.725945508772,260.878631474297,"2021-06-12",17890100,0.7,0.999,0.014,105129,1.02379452285602e-05,0.00585914658017261,0.0185979971387697,10.6435802205407
163,187.757951136362,172.78367013251,254.43551889174,"2021-06-13",17890100,0.7,0.999,0.013,104114,1.04950755521971e-05,0.0058027421095479,0.0171673819742489,9.49186976284443
164,193.456250464749,172.272421354044,248.482775244286,"2021-06-14",17890100,0.7,0.999,0.012,103100,1.08135924597822e-05,0.00574639001434318,0.0157367668097282,8.36258625334683
165,198.228010597286,170.865187345966,243.020400531935,"2021-06-15",17890100,0.7,0.999,0.0114285714285714,102829,1.10803187571498e-05,0.00573132890363137,0.014919272430002,7.71703947993786
166,203.085607194643,169.090695958411,238.048394754687,"2021-06-16",17890100,0.7,0.999,0.0108571428571429,102557,1.13518430413828e-05,0.00571621198745276,0.014101778050276,7.10093968367327
167,207.703835759155,165.283997699963,233.566757912541,"2021-06-17",17890100,0.7,0.999,0.0102857142857143,102286,1.16099874097492e-05,0.0057011504195994,0.0132842836705498,6.52332313115472
168,211.920094041989,159.375603076178,231.43540536318,"2021-06-18",17890100,0.7,0.999,0.00971428571428572,102014,1.18456629108831e-05,0.00568603304458537,0.0124667892908236,5.98417972896899
169,210.481194108089,151.396779748228,228.80988618016,"2021-06-19",17890100,0.7,0.999,0.00914285714285714,101743,1.17652329561092e-05,0.0056709710195767,0.0116492949110975,5.61508761329137
170,203.672336838781,142.125350177244,224.117533175443,"2021-06-20",17890100,0.7,0.999,0.00857142857142857,101471,1.13846393725458e-05,0.00565585318571349,0.0108318005313713,5.38120458080618
171,195.142899122299,134.079195826718,219.417687949623,"2021-06-21",17890100,0.7,0.999,0.008,101200,1.09078707845288e-05,0.0056407907035354,0.0100143061516452,5.17870133946566
172,186.917632279979,126.585328524055,215.680495473991,"2021-06-22",17890100,0.7,0.999,0.00771428571428571,100714,1.04481043862236e-05,0.00561377771011484,0.00960555896178213,5.16107714849666
173,177.984160651155,119.115020419122,211.148676219783,"2021-06-23",17890100,0.7,0.999,0.00742857142857143,100229,9.94875158054762e-06,0.00558681956740747,0.00919681177191907,5.1645603520329
174,166.137607789895,113.333221003335,205.822230186997,"2021-06-24",17890100,0.7,0.999,0.00714285714285714,99743,9.28656674864282e-06,0.00555980510779452,0.00878806458205599,5.26135521053393
175,151.540575945032,109.309419771136,200.033658923441,"2021-06-25",17890100,0.7,0.999,0.00685714285714286,99257,8.47063884187523e-06,0.0055327899143004,0.00837931739219293,5.47314123783178
176,139.446253051624,107.043616722527,198.081317623709,"2021-06-26",17890100,0.7,0.999,0.00657142857142857,98771,7.79460444892002e-06,0.00550577398690533,0.00797057020232986,5.63006864150378
177,136.055213617718,107.078033662687,200.486299908917,"2021-06-27",17890100,0.7,0.999,0.00628571428571429,98286,7.60505607110737e-06,0.00547881291618091,0.0075618230124668,5.44766707874443
178,134.703505966605,107.654672408028,205.18774476315,"2021-06-28",17890100,0.7,0.999,0.006,97800,7.52949988913449e-06,0.00545179552243413,0.00715307582260372,5.17924262109066
179,133.523617195251,108.773532958548,211.217164759103,"2021-06-29",17890100,0.7,0.999,0.00657142857142857,93700,7.46354783904232e-06,0.0052238417915067,0.00797057020232986,5.57871385338522
180,132.063549551904,110.434615314249,219.436453345925,"2021-06-30",17890100,0.7,0.999,0.00714285714285714,89600,7.3819346762681e-06,0.00499583581283192,0.00878806458205599,5.94745546931748
181,132.853383980157,112.637919475131,229.445222129812,"2021-07-01",17890100,0.7,0.999,0.00771428571428571,85500,7.42608392240161e-06,0.00476777757443414,0.00960555896178213,6.167068550052
182,135.513504221819,115.383445441192,240.760639881751,"2021-07-02",17890100,0.7,0.999,0.00828571428571429,81400,7.57477622941286e-06,0.00453966706433551,0.0104230533415083,6.24667851975939
183,140.803142793275,118.671193212434,251.780827247496,"2021-07-03",17890100,0.7,0.999,0.00885714285714286,77300,7.87045029336197e-06,0.00431150427055516,0.0112405477212344,6.15767430033273
184,146.340044380846,121.958940983676,262.254307925046,"2021-07-04",17890100,0.7,0.999,0.00942857142857143,73200,8.17994557776904e-06,0.00408328918110934,0.0120580421009606,6.01916875706668
185,152.942359522031,128.763234895388,273.530735774917,"2021-07-05",17890100,0.7,0.999,0.01,69100,8.54899410970487e-06,0.00385502178401176,0.0128755364806867,5.80600161573849
186,166.508467103695,139.084074947569,285.85698413283,"2021-07-06",17890100,0.7,0.999,0.0108571428571429,69157,9.30729661118132e-06,0.00385819561618261,0.014101778050276,5.84567361790024
187,187.35602526321,152.921461140221,300.128439078403,"2021-07-07",17890100,0.7,0.999,0.0117142857142857,69214,1.04726091672607e-05,0.00386136943824122,0.0153280196198651,5.65161418359228
188,213.570355719446,170.275393473342,316.745489005439,"2021-07-08",17890100,0.7,0.999,0.0125714285714286,69271,1.19379073185419e-05,0.0038645432501877,0.0165542611894544,5.35895083070255
189,243.925364279794,191.145871946933,335.858463595144,"2021-07-09",17890100,0.7,0.999,0.0134285714285714,69329,1.36346562780417e-05,0.0038677727326657,0.0177805027590435,5.04383406094876
190,275.660359433339,215.532896560993,356.708508547206,"2021-07-10",17890100,0.7,0.999,0.0142857142857143,69386,1.54085421229249e-05,0.00387094652421061,0.0190067443286328,4.7748898181624
191,298.735297864771,243.425242291289,379.026006542508,"2021-07-11",17890100,0.7,0.999,0.0151428571428571,69443,1.66983581905507e-05,0.00387412030564338,0.0202329858982219,4.69417535650027
192,327.985502671081,267.320961582054,401.462823135855,"2021-07-12",17890100,0.7,0.999,0.016,69500,1.83333521149172e-05,0.00387729407696413,0.0214592274678112,4.53838092650117
193,348.315800801437,287.220054433287,423.770427447539,"2021-07-13",17890100,0.7,0.999,0.0168571428571429,69200,1.94697514715646e-05,0.00386058990393567,0.0226854690374004,4.49822345497026
194,360.743967252162,303.122520844988,445.948819477561,"2021-07-14",17890100,0.7,0.999,0.0177142857142857,68900,2.01644466633592e-05,0.00384388545079162,0.0239117106069896,4.55821466565524
195,370.283825738759,315.028360817158,470.115905144365,"2021-07-15",17890100,0.7,0.999,0.0185714285714286,68600,2.06976945762606e-05,0.00382718071752752,0.0251379521765788,4.64822231741103
196,378.541086712029,322.937574349796,495.232476123052,"2021-07-16",17890100,0.7,0.999,0.0194285714285714,68300,2.1159249345282e-05,0.00381047570413851,0.026364193746168,4.74781113874314
197,387.5172091665,326.850161442903,520.805704746311,"2021-07-17",17890100,0.7,0.999,0.0202857142857143,68000,2.16609861971984e-05,0.0037937704106199,0.0275904353157572,4.83227200110491
198,404.246928467276,326.777347120713,546.835591014139,"2021-07-18",17890100,0.7,0.999,0.0211428571428571,67700,2.25961245866304e-05,0.00377706483696705,0.0288166768853464,4.81686390799432
199,413.894921517366,331.50686026569,573.322134926538,"2021-07-19",17890100,0.7,0.999,0.022,67400,2.31354168795795e-05,0.00376035898317517,0.0300429184549356,4.88308288892478
200,441.844011642628,341.038700877833,602.373552593853,"2021-07-20",17890100,0.7,0.999,0.024,66943,2.46976826089641e-05,0.0037349098608116,0.0329041487839771,4.97593364125116
201,488.458384655292,355.372868957143,634.105144921238,"2021-07-21",17890100,0.7,0.999,0.026,66486,2.73032786096943e-05,0.00370946008834561,0.0357653791130186,4.85913242364916
202,530.334329956814,374.509364503619,666.81066930719,"2021-07-22",17890100,0.7,0.999,0.028,66029,2.96440114899757e-05,0.00368400966576066,0.0386266094420601,4.80032206802481
203,571.542324237627,398.448187517262,705.861067202453,"2021-07-23",17890100,0.7,0.999,0.03,65571,3.19474080210634e-05,0.00365850290070191,0.0414878397711016,4.75103902158065
204,612.082367497731,427.189337998072,751.878378556005,"2021-07-24",17890100,0.7,0.999,0.032,65114,3.42134682029576e-05,0.00363305117640622,0.0443490701001431,4.7093279273546
205,651.954459737126,460.732815946048,804.862603367844,"2021-07-25",17890100,0.7,0.999,0.034,64657,3.6442192035658e-05,0.00360759880194172,0.0472103004291846,4.67358887470282
206,720.008759294501,494.512430629232,864.813741637971,"2021-07-26",17890100,0.7,0.999,0.036,64200,4.02462121114192e-05,0.00358214577729166,0.050071530758226,4.45665599464495
207,780.446562068295,528.528182047625,929.623577256041,"2021-07-27",17890100,0.7,0.999,0.038,64543,4.3624494109496e-05,0.0036012495306198,0.0529327610872675,4.36965711376439
208,854.331527254998,562.780070201226,999.176809316899,"2021-07-28",17890100,0.7,0.999,0.04,64886,4.77544299503635e-05,0.00362035291768259,0.055793991416309,4.22984715393203
209,915.811624201804,597.268095090035,1062.50705808973,"2021-07-29",17890100,0.7,0.999,0.042,65229,5.11909728957247e-05,0.00363945593848691,0.0586552217453505,4.17013162729344
210,960.816376218279,631.992256714052,1115.2825904487,"2021-07-30",17890100,0.7,0.999,0.044,65571,5.37065961743243e-05,0.00365850290070191,0.061516452074392,4.19051167615511
211,989.345783304423,666.952555073277,1157.5034063938,"2021-07-31",17890100,0.7,0.999,0.046,65914,5.53012997861623e-05,0.00367760519007831,0.0643776824034335,4.28119591849669
212,1001.39984546024,702.148990167711,1189.16950592503,"2021-08-01",17890100,0.7,0.999,0.048,66257,5.59750837312391e-05,0.00369670711321735,0.067238912732475,4.44059303558345
213,1004.71164519594,734.277058516915,1210.2808890424,"2021-08-02",17890100,0.7,0.999,0.05,66600,5.61602028605732e-05,0.00371580867012611,0.0701001430615165,4.63813708101704
214,1006.60934731135,763.336760120887,1220.8375557459,"2021-08-03",17890100,0.7,0.999,0.053,67729,5.62662784060095e-05,0.00377867972131785,0.0743919885550787,4.99594973303872
215,991.857682937246,786.823597215991,1220.83950603553,"2021-08-04",17890100,0.7,0.999,0.056,68857,5.54417070299912e-05,0.00384149112288845,0.0786838340486409,5.45191095665891
216,1006.61324789061,807.088504067262,1220.84145632515,"2021-08-05",17890100,0.7,0.999,0.059,69986,5.62664964360518e-05,0.00390435424282121,0.0829756795422031,5.7577149279193
217,1012.87537303082,822.278519097786,1234.31462069669,"2021-08-06",17890100,0.7,0.999,0.062,71114,5.66165294230228e-05,0.00396715772065759,0.0872675250357654,6.11489328711014
218,1010.64405835787,828.266468451924,1261.08973277809,"2021-08-07",17890100,0.7,0.999,0.065,72243,5.64918059909039e-05,0.00403001291033189,0.0915593705293276,6.53166311153983
219,1007.42994203563,825.052352129678,1301.25142575538,"2021-08-08",17890100,0.7,0.999,0.068,73371,5.63121470553899e-05,0.00409280846543381,0.0958512160228899,6.96653721930959
220,1024.7186961348,837.324638650158,1354.79969962855,"2021-08-09",17890100,0.7,0.999,0.071,74500,5.7278533721712e-05,0.00415565572585019,0.100143061516452,7.26555063397621
221,1048.02487454956,865.083328013365,1421.73455439761,"2021-08-10",17890100,0.7,0.999,0.0745714285714286,79214,5.85812753729471e-05,0.00441802384808576,0.10525240138974,7.93782000217274
222,1084.59120033283,910.832917982936,1502.05599006255,"2021-08-11",17890100,0.7,0.999,0.0781428571428571,83929,6.06252173175572e-05,0.00468037848125469,0.110361741263029,8.52012977134001
223,1133.87365657259,972.222474293837,1616.35357578018,"2021-08-12",17890100,0.7,0.999,0.0817142857142857,88643,6.33799507309959e-05,0.00494260835846749,0.115471081136317,9.00487179625599
224,1222.26900216908,1051.10495852298,1761.3114875896,"2021-08-13",17890100,0.7,0.999,0.0852857142857143,93357,6.83209709375062e-05,0.00520476914781443,0.120580421009606,9.18595339746173
225,1349.77723712229,1151.60754452601,1937.09899186287,"2021-08-14",17890100,0.7,0.999,0.0888571428571429,98071,7.54482779370876e-05,0.0054668608674977,0.125689760882894,9.107277912808
226,1508.88772326839,1273.73023230291,2143.63145541395,"2021-08-15",17890100,0.7,0.999,0.0924285714285714,102786,8.43420508140474e-05,0.00572893911232475,0.130799100756182,8.8845371549134
227,1726.20947647672,1383.64559638387,2380.90887824284,"2021-08-16",17890100,0.7,0.999,0.096,107500,9.64896493857899e-05,0.00599089273262521,0.135908440629471,8.43834436597539
228,2067.3677642652,1480.07719137765,2648.93126034956,"2021-08-17",17890100,0.7,0.999,0.0945714285714286,112600,0.00011555931852059,0.00627421837510533,0.133864704680155,7.26809746401051
229,2318.59033418776,1563.02501728425,2908.69238812773,"2021-08-18",17890100,0.7,0.999,0.0931428571428571,117700,0.000129601865511526,0.00655746326035789,0.13182096873084,6.66974318606849
230,2480.42120315643,1632.48907410367,3139.60269242056,"2021-08-19",17890100,0.7,0.999,0.0917142857142857,122800,0.000138647699183148,0.00684062741140146,0.129777232781525,6.40297459800206
231,2675.01555614458,1720.09185336579,3287.59696305932,"2021-08-20",17890100,0.7,0.999,0.0902857142857143,127900,0.00014952490797394,0.00712371085124786,0.127733496832209,6.08551785639643
232,2815.75894552782,1810.70229087936,3354.28168076338,"2021-08-21",17890100,0.7,0.999,0.0888571428571429,133000,0.000157392018240693,0.00740671360290246,0.125689760882894,5.91483654687768
233,2906.70490707326,1851.76738555539,3386.33759795509,"2021-08-22",17890100,0.7,0.999,0.0874285714285714,138100,0.000162475609810636,0.00768963568936409,0.123646024933579,5.85191147942383
234,2897.21244252645,1885.22300378645,3364.99204972136,"2021-08-23",17890100,0.7,0.999,0.086,143200,0.000161945011069052,0.00797247713362503,0.121602288984263,5.98642379857028
235,2747.39837082739,1912.34559096375,3293.3246309237,"2021-08-24",17890100,0.7,0.999,0.0852857142857143,144229,0.000153570878353245,0.00802953477967649,0.120580421009606,6.30461122985563
236,2648.12239829457,1933.1351470873,3218.0216524219,"2021-08-25",17890100,0.7,0.999,0.0845714285714286,145257,0.000148021665518615,0.00808653369916434,0.119558553034948,6.5315726907481
237,2605.77496731985,1947.5916721571,3150.38509406152,"2021-08-26",17890100,0.7,0.999,0.0838571428571429,146286,0.000145654578080606,0.00814358478511645,0.11853668506029,6.62741643727059
238,2513.25518249798,1912.77606298644,3143.46220194456,"2021-08-27",17890100,0.7,0.999,0.0831428571428571,147314,0.000140483014767831,0.00820057715125677,0.117514817085632,6.85982804055845
239,2457.09678959715,1835.78847831339,3195.64649535162,"2021-08-28",17890100,0.7,0.999,0.0824285714285714,148343,0.000137343938245015,0.00825762167786381,0.116492949110975,7.00398367914125
240,2423.10180566483,1768.60284268878,3260.25722186037,"2021-08-29",17890100,0.7,0.999,0.0817142857142857,149371,0.0001354437261762,0.00831460749141022,0.115471081136317,7.08852852296948
241,2401.75082011189,1719.91782902831,3283.71123909455,"2021-08-30",17890100,0.7,0.999,0.081,150400,0.00013425027362127,0.00837164545942615,0.11444921316166,7.13688106441146
242,2395.93921562911,1664.43807612449,3275.88856171044,"2021-08-31",17890100,0.7,0.999,0.0795714285714286,150286,0.000133925423313962,0.00836532654584765,0.112405477212344,7.02113533902168
243,2414.26080376972,1602.16358397732,3286.7907251879,"2021-09-01",17890100,0.7,0.999,0.0781428571428571,150171,0.000134949542136138,0.00835895216240556,0.110361741263029,6.83595143173443
244,2385.08738416288,1533.09435258679,3300.44847010555,"2021-09-02",17890100,0.7,0.999,0.0767142857142857,150057,0.000133318840261535,0.00835263316794199,0.108318005313713,6.78629188563139
245,2487.74683392417,1533.74381877449,3317.84251489208,"2021-09-03",17890100,0.7,0.999,0.0752857142857143,149943,0.000139057178770614,0.0083463141332123,0.106274269364398,6.37865980192263
246,2552.33855114102,1612.14288799362,3314.52609961316,"2021-09-04",17890100,0.7,0.999,0.0738571428571429,149829,0.000142667651446388,0.00833999505821592,0.104230533415083,6.09305700895808
247,2589.00698299883,1723.57982790876,3337.51146442127,"2021-09-05",17890100,0.7,0.999,0.0724285714285714,149714,0.000144717300797582,0.00833362051193909,0.102186797465767,5.88447951085825
248,2682.90319623299,1780.05637265064,3459.15441660576,"2021-09-06",17890100,0.7,0.999,0.071,149600,0.000149965802104683,0.00832730135605564,0.100143061516452,5.56074411807166
249,2732.09067139361,1837.40893857123,3576.09564436599,"2021-09-07",17890100,0.7,0.999,0.0692857142857143,147471,0.000152715226376242,0.00820928095003759,0.0976905783772737,5.25140434978571
250,2763.75157509319,1895.63752567052,3630.65351496865,"2021-09-08",17890100,0.7,0.999,0.0675714285714286,145343,0.000154484970743215,0.0080913019428015,0.0952380952380953,4.98818869771874
251,2835.18063009754,1954.74213394852,3627.49530798958,"2021-09-09",17890100,0.7,0.999,0.0658571428571429,143214,0.000158477628973429,0.00797325345015099,0.0927856120989169,4.66818696483716
252,2811.20044120625,1949.52593824046,3556.5028789458,"2021-09-10",17890100,0.7,0.999,0.0641428571428571,141086,0.000157137212268587,0.00785524636613466,0.0903331289597383,4.51572846914003
253,2679.32119728049,1879.98893854634,3483.3800520979,"2021-09-11",17890100,0.7,0.999,0.0624285714285714,138957,0.000149765579693825,0.00773716978016759,0.0878806458205599,4.54007842452523
254,2617.44358083163,1798.54324848076,3357.89587903666,"2021-09-12",17890100,0.7,0.999,0.0607142857142857,136829,0.000146306816665733,0.00761913461268926,0.0854281626813816,4.44879251710635
255,2500.28389768009,1750.31965808235,3179.22130985167,"2021-09-13",17890100,0.7,0.999,0.059,134700,0.000139757960977305,0.00750102992671997,0.0829756795422031,4.45343543282705
256,2429.77866727575,1661.48815741044,3069.21382840932,"2021-09-14",17890100,0.7,0.999,0.0582857142857143,133800,0.000135816941619988,0.00745109887170836,0.0819538115675455,4.49609559469913
257,2367.56180651186,1590.21185652615,2995.4275220451,"2021-09-15",17890100,0.7,0.999,0.0575714285714286,132900,0.000132339215907785,0.00740116530474433,0.0809319435928878,4.52617683168524
258,2328.75570401194,1536.49075542949,2957.86239075899,"2021-09-16",17890100,0.7,0.999,0.0568571428571429,132000,0.00013017007752958,0.00735122922570142,0.0799100756182302,4.51284423011313
259,2264.12616575619,1500.32485412044,2956.518434551,"2021-09-17",17890100,0.7,0.999,0.0561428571428571,131100,0.000126557490777368,0.00730129063445328,0.0788882076435724,4.55117850471656
260,2404.42515957647,1472.60882837135,2950.13858909488,"2021-09-18",17890100,0.7,0.999,0.0554285714285714,130200,0.000134399760737865,0.00725134953087347,0.0778663396689147,4.20116853280933
261,2313.62842973798,1428.90994014977,2922.49794249488,"2021-09-19",17890100,0.7,0.999,0.0547142857142857,129300,0.00012932451074829,0.00720140591483576,0.0768444716942571,4.27906689752368
262,2277.27439039301,1397.62108011232,2874.42554466142,"2021-09-20",17890100,0.7,0.999,0.054,128400,0.000127292434944076,0.00715145978621357,0.0758226037195994,4.25981560981962
263,2217.00719298987,1422.03120305518,2774.46361401095,"2021-09-21",17890100,0.7,0.999,0.0531428571428571,127686,0.000123923689246559,0.00711183407008198,0.0745963621500102,4.28099706414563
264,2144.01075402281,1443.97719891725,2688.40412490228,"2021-09-22",17890100,0.7,0.999,0.0522857142857143,126971,0.000119843419210782,0.00707215127091698,0.073370120580421,4.32968781204028
265,2051.10572008145,1463.45906769851,2640.00676418472,"2021-09-23",17890100,0.7,0.999,0.0514285714285714,126257,0.000114650321690849,0.00703252238949226,0.0721438790108318,4.42522477849264
266,1939.92542394271,1480.47680939897,2629.27153185828,"2021-09-24",17890100,0.7,0.999,0.0505714285714286,125543,0.000108435694822427,0.00699289192643382,0.0709176374412426,4.57339601241764
267,1762.18901268231,1504.1357482463,2656.19842792295,"2021-09-25",17890100,0.7,0.999,0.0497142857142857,124829,9.85007916491417e-05,0.00695325988167839,0.0696913958716534,4.91957860337416
268,1894.44045820496,1553.59121887701,2740.23107253122,"2021-09-26",17890100,0.7,0.999,0.0488571428571429,124114,0.000105893229115822,0.00691357074477272,0.0684651543020642,4.46996178859919
269,1968.07278828947,1588.67023772756,2823.18079993959,"2021-09-27",17890100,0.7,0.999,0.048,123400,0.000110009043453612,0.00687393553421856,0.067238912732475,4.20143596384305
270,2048.41831862462,1609.37280479795,2905.04761014805,"2021-09-28",17890100,0.7,0.999,0.0478571428571429,123414,0.000114500104450205,0.00687471271041429,0.0670345391375435,4.024827754162
271,2135.4770492104,1615.69892008818,2952.48544146232,"2021-09-29",17890100,0.7,0.999,0.0477142857142857,123429,0.0001193664121056,0.00687554539852042,0.0668301655426119,3.84943996450493
272,2247.52419917622,1607.64858359824,2949.84059046206,"2021-09-30",17890100,0.7,0.999,0.0475714285714286,123443,0.000125629493360921,0.00687632257345627,0.0666257919476804,3.6467586144604
273,2237.98820441557,1585.22179532814,2921.77001243353,"2021-10-01",17890100,0.7,0.999,0.0474285714285714,123457,0.000125096461418079,0.00687709974778394,0.0664214183527488,3.65147594282892
274,2302.10203784762,1557.7005744638,2868.27370737675,"2021-10-02",17890100,0.7,0.999,0.0472857142857143,123471,0.000128680221901925,0.00687787692150343,0.0662170447578173,3.53925939214704
275,2286.75403424156,1523.24101966008,2789.35167529172,"2021-10-03",17890100,0.7,0.999,0.0471428571428571,123486,0.000127822317049181,0.00687870960695647,0.0660126711628857,3.55244691061488
276,2219.11427317713,1498.06348404227,2712.42925237708,"2021-10-04",17890100,0.7,0.999,0.047,123500,0.000124041468363907,0.00687948677941619,0.0658082975679542,3.64980614197857
277,2101.36715100412,1482.16796761039,2637.50643863285,"2021-10-05",17890100,0.7,0.999,0.0488571428571429,118457,0.000117459776692367,0.00659949880577904,0.0684651543020642,3.84672708204894
278,1983.49321020946,1475.55447036443,2572.50134737329,"2021-10-06",17890100,0.7,0.999,0.0507142857142857,113414,0.00011087099626103,0.00631943189583517,0.0711220110361741,4.05381677981652
279,1847.14685283618,1467.81560148759,2537.1188728266,"2021-10-07",17890100,0.7,0.999,0.0525714285714286,108371,0.000103249666174934,0.00603928602733039,0.0737788677702841,4.31547821648558
280,1825.16208244673,1453.22041448476,2508.26604736485,"2021-10-08",17890100,0.7,0.999,0.0544285714285714,103329,0.000102020787052433,0.00575911675292762,0.076435724504394,4.31482910722083
281,1702.79350383561,1422.48689017004,2485.94287098804,"2021-10-09",17890100,0.7,0.999,0.0562857142857143,98286,9.51807705846032e-05,0.00547881291618091,0.079092581238504,4.55274161999379
282,1595.07547799852,1397.54993910588,2470.14934369617,"2021-10-10",17890100,0.7,0.999,0.0581428571428571,93243,8.9159673674184e-05,0.00519843005407705,0.0817494379726139,4.76637831598292
283,1675.62356626125,1378.40956129228,2491.64879503408,"2021-10-11",17890100,0.7,0.999,0.06,88200,9.36620570181972e-05,0.00491796814433665,0.0844062947067239,4.43197044528404
284,1739.27472472102,1365.06575672924,2529.05629849444,"2021-10-12",17890100,0.7,0.999,0.0628571428571429,89086,9.7219955434627e-05,0.00496724796245751,0.0884937666053547,4.52140180372965
285,1714.19687694916,1357.51852541677,2574.45374076299,"2021-10-13",17890100,0.7,0.999,0.0657142857142857,89971,9.58181830704781e-05,0.00501646972364345,0.0925812385039853,4.84700257352039
286,1766.04896500726,1363.28850460019,2600.03024418255,"2021-10-14",17890100,0.7,0.999,0.0685714285714286,90857,9.87165507742975e-05,0.00506574466363385,0.096668710402616,4.96065755966344
287,1908.56854943938,1384.00912456465,2604.22182109478,"2021-10-15",17890100,0.7,0.999,0.0714285714285714,91743,0.000106682944725819,0.00511501716336316,0.100756182301247,4.83085279573366
288,1962.23877518735,1425.01948453275,2574.03694078725,"2021-10-16",17890100,0.7,0.999,0.0742857142857143,92629,0.000109682940575366,0.00516428722295192,0.104843654199877,4.93643533763556
289,1982.6167117886,1460.51060772763,2509.47560325997,"2021-10-17",17890100,0.7,0.999,0.0771428571428571,93514,0.000110822002771846,0.00521349923710257,0.108931126098508,5.12454502361306
290,1862.54451892885,1477.82262836941,2410.53780851293,"2021-10-18",17890100,0.7,0.999,0.08,94400,0.000104110347003586,0.005262764419527,0.113018597997139,5.71307534172066
291,1816.58229773854,1476.9555464581,2298.60848305346,"2021-10-19",17890100,0.7,0.999,0.0795714285714286,102114,0.000101541204226837,0.00569159092976379,0.112405477212344,6.30055551762365
292,1831.89743141161,1459.43168143844,2189.0853228521,"2021-10-20",17890100,0.7,0.999,0.0791428571428571,109829,0.0001023972717543,0.00612028812965848,0.11179235642755,6.68183263389873
293,1737.64204728781,1434.78736729033,2081.96832790884,"2021-10-21",17890100,0.7,0.999,0.0787142857142857,117543,9.71286939305991e-05,0.00654874496548585,0.111179235642755,7.49607999673394
294,1570.7688435604,1395.7168139379,1977.2574982237,"2021-10-22",17890100,0.7,0.999,0.0782857142857143,125257,8.78010096958877e-05,0.00697701709560095,0.11056611485796,8.7860228057753
295,1510.16093654828,1336.88092215856,1888.0457701046,"2021-10-23",17890100,0.7,0.999,0.0778571428571429,132971,8.44132194089625e-05,0.0074051045996294,0.109952994073166,9.64556769490746
296,1413.65946696001,1262.1537581667,1820.77416117084,"2021-10-24",17890100,0.7,0.999,0.0774285714285714,140686,7.90190925126193e-05,0.00783306301615916,0.109339873288371,10.8387237870378
297,1341.56880065613,1202.78972854504,1774.579228673,"2021-10-25",17890100,0.7,0.999,0.077,148400,7.49894523035718e-05,0.00826078148284626,0.108726752503577,11.9772570165681
298,1271.69060905812,1158.78883329359,1751.69273529743,"2021-10-26",17890100,0.7,0.999,0.0784285714285714,147629,7.10834824320781e-05,0.00821804010991334,0.110770488452892,12.8062988187219
299,1231.0049790028,1128.62875296757,1744.80156415942,"2021-10-27",17890100,0.7,0.999,0.0798571428571428,146857,6.88092844088518e-05,0.00817524145507187,0.112814224402207,13.4034750103586
300,1226.76000470046,1105.65990715859,1754.96448568935,"2021-10-28",17890100,0.7,0.999,0.0812857142857143,146086,6.85720037730622e-05,0.00813249639558689,0.114857960351523,13.6219141510659
301,1230.27353329129,1101.28560215245,1801.74134852519,"2021-10-29",17890100,0.7,0.999,0.0827142857142857,145314,6.87683989072889e-05,0.00808969404925275,0.116901696300838,13.7519408905738
302,1261.69172580087,1115.50583794915,1885.03074707144,"2021-10-30",17890100,0.7,0.999,0.0841428571428571,144543,7.05245764864853e-05,0.00804694530289773,0.118945432250153,13.5718275107959
303,1294.50650240041,1148.32061454869,1998.39166370879,"2021-10-31",17890100,0.7,0.999,0.0855714285714286,143771,7.23588186986328e-05,0.00800413926475252,0.120989168199469,13.3834986420724
304,1333.58705991056,1213.16728159296,2142.68754118667,"2021-11-01",17890100,0.7,0.999,0.087,143000,7.45432982437527e-05,0.00796138683120939,0.123032904148784,13.1401824975952
305,1524.76368206978,1274.56719146733,2315.68661681872,"2021-11-02",17890100,0.7,0.999,0.0888571428571429,148314,8.52294666921806e-05,0.00825601405392096,0.125689760882894,12.1753247152295
306,1729.40220392615,1332.5203441718,2492.82272047577,"2021-11-03",17890100,0.7,0.999,0.0907142857142857,153629,9.66681127509712e-05,0.008550609193684,0.128346617617004,11.3526760515263
307,1899.87251165245,1395.1683993458,2673.03708172745,"2021-11-04",17890100,0.7,0.999,0.0925714285714286,158943,0.000106196863720854,0.00884506142225128,0.131003474351114,10.9111864189298
308,2121.98868007046,1465.27477416341,2836.76985193578,"2021-11-05",17890100,0.7,0.999,0.0944285714285714,164257,0.000118612454937114,0.00913942620095398,0.133660331085224,10.2989077546379
309,2395.75070918018,1542.83946862463,2984.02103110075,"2021-11-06",17890100,0.7,0.999,0.0962857142857143,169571,0.000133914886399751,0.00943370355576401,0.136317187819334,9.60293492393533
310,2480.77372328501,1620.67753857412,3072.2770344282,"2021-11-07",17890100,0.7,0.999,0.0981428571428571,174886,0.000138667403943243,0.00972794886572392,0.138974044553444,9.74946065646465
311,2489.46119969531,1629.36501498442,3101.53786191812,"2021-11-08",17890100,0.7,0.999,0.1,180200,0.000139153006394336,0.0100220514341941,0.141630901287554,10.2005139102256
312,2505.3681803908,1644.57773773933,3071.8035135705,"2021-11-09",17890100,0.7,0.999,0.103142857142857,185029,0.000140042156298221,0.0102892359945628,0.146127120376047,10.7363130252953
313,2476.87941744732,1666.31570683888,3037.69336447999,"2021-11-10",17890100,0.7,0.999,0.106285714285714,189857,0.000138449724565392,0.0105562931378759,0.150623339464541,11.4844874540901
314,2449.63623990798,1686.43726264364,2999.20741464659,"2021-11-11",17890100,0.7,0.999,0.109428571428571,194686,0.000136926917116616,0.0108233335120685,0.155119558553034,12.2613635932113
315,2329.55402761758,1702.17898797953,2956.34566407031,"2021-11-12",17890100,0.7,0.999,0.112571428571429,199514,0.000130214701293876,0.0110902465379663,0.159615777641529,13.5943046968155
316,2116.63278057611,1713.54088284653,2909.10811275114,"2021-11-13",17890100,0.7,0.999,0.115714285714286,204343,0.000118313077097172,0.0113571428037931,0.164111996730023,15.7534858226002
317,2182.01821672858,1733.4509647773,2900.00834548326,"2021-11-14",17890100,0.7,0.999,0.118857142857143,209171,0.000121967916150753,0.0116239117900484,0.168608215818516,16.0688735989344
318,2351.1712941493,1781.08874863219,2929.04636226668,"2021-11-15",17890100,0.7,0.999,0.122,214000,0.000131423038113219,0.0118906640252774,0.17310443490701,15.6618406202993
319,2418.34709498402,1812.31629407766,3019.88478683876,"2021-11-16",17890100,0.7,0.999,0.123857142857143,216700,0.000135177952889253,0.0120397796798473,0.17576129164112,15.654381371925
320,2459.29797334567,1817.61534855071,3173.83865123071,"2021-11-17",17890100,0.7,0.999,0.125714285714286,219400,0.000137466977453769,0.0121888728313624,0.17841814837523,15.8199166202239
321,2541.0674334131,1837.35735074689,3246.1858530598,"2021-11-18",17890100,0.7,0.999,0.127571428571429,222100,0.000142037631618219,0.0123379434832188,0.18107500510934,15.7288822251528
322,2535.66168797497,1871.54230066618,3250.34189325234,"2021-11-19",17890100,0.7,0.999,0.129428571428571,224800,0.000141735467547692,0.0124869916388118,0.183731861843449,16.1869027020389
323,2632.83954436799,1870.59881149116,3182.57885794275,"2021-11-20",17890100,0.7,0.999,0.131285714285714,227500,0.000147167402326873,0.0126360173015365,0.186388718577559,16.0036192493641
324,2568.90741933631,1828.78380984452,3129.88655718367,"2021-11-21",17890100,0.7,0.999,0.133142857142857,230200,0.000143593798767827,0.0127850204747871,0.18904557531167,16.831865803171
325,2399.99375309599,1764.30985944867,3092.06806779239,"2021-11-22",17890100,0.7,0.999,0.135,232900,0.00013415205913304,0.0129340011619575,0.19170243204578,18.4826047013657
326,2256.44952694355,1703.73226794236,3128.15446637945,"2021-11-23",17890100,0.7,0.999,0.135,234014,0.000126128390950501,0.0129954629379911,0.19170243204578,19.7517928517093
327,2277.55144127455,1656.56928788859,3217.52127509523,"2021-11-24",17890100,0.7,0.999,0.135,235129,0.000127307921211986,0.013056976053972,0.19170243204578,19.6614165158035
328,2287.53504926834,1641.04720964913,3348.30801736436,"2021-11-25",17890100,0.7,0.999,0.135,236243,0.00012786597331867,0.013118430172711,0.19170243204578,19.6677419602783
329,2414.39413813625,1657.166033224,3507.09919226054,"2021-11-26",17890100,0.7,0.999,0.135,237357,0.000134956995105463,0.0131798804648777,0.19170243204578,18.7216315628195
330,2531.81593033073,1760.56231224088,3711.17339641631,"2021-11-27",17890100,0.7,0.999,0.135,238471,0.000141520501860288,0.0132413269307106,0.19170243204578,17.9365854612108
331,2805.49994199585,1859.29345004882,3882.57460829036,"2021-11-28",17890100,0.7,0.999,0.135,239586,0.000156818572394556,0.0133028247237018,0.19170243204578,16.2620014560271
332,3066.37555417541,1943.96061232677,4151.0837949733,"2021-11-29",17890100,0.7,0.999,0.135,240700,0.000171400693913137,0.0133642635341473,0.19170243204578,14.9472079926067
333,3262.1940371998,2026.82567508009,4367.90685196474,"2021-11-30",17890100,0.7,0.999,0.134428571428571,237743,0.000182346327700784,0.0132011720433309,0.190884937666053,13.8193345288808
334,3352.39052627019,2107.8886383088,4514.21544103177,"2021-12-01",17890100,0.7,0.999,0.133857142857143,234786,0.000187388026130105,0.0130380535933914,0.190067443286328,13.2244816443365
335,3492.66453818334,2128.55177295556,4746.5921411325,"2021-12-02",17890100,0.7,0.999,0.133285714285714,231829,0.000195228899681016,0.0128749081798722,0.189249948906601,12.480609782666
336,3585.40500332694,2129.2288892815,4912.24348791695,"2021-12-03",17890100,0.7,0.999,0.132714285714286,228871,0.000200412798325719,0.0127116806120223,0.188432454526876,11.9517974844707
337,3582.82289776208,2073.5444627805,4997.61879861815,"2021-12-04",17890100,0.7,0.999,0.132142857142857,225914,0.000200268466792365,0.0125484812488497,0.187614960147149,11.7556340602091
338,3501.38812682263,2053.44109010354,5032.92829899572,"2021-12-05",17890100,0.7,0.999,0.131571428571429,222957,0.000195716520691479,0.0123852549087226,0.186797465767423,11.8208428274683
339,3619.61092843957,2052.77268006173,4957.86707298969,"2021-12-06",17890100,0.7,0.999,0.131,220000,0.000202324801339264,0.0122220015871815,0.185979971387697,11.234645927925
340,3370.56510833371,2028.02468239976,4864.02828450388,"2021-12-07",17890100,0.7,0.999,0.129857142857143,217729,0.000188403927777581,0.0120966033901422,0.184344982628245,11.8359960332094
341,3346.99723467845,2028.64139995491,4751.41193353831,"2021-12-08",17890100,0.7,0.999,0.128714285714286,215457,0.000187086558190197,0.0119711340461415,0.182709993868793,11.691090206221
342,3501.92873331882,2054.62283272718,4620.01802009295,"2021-12-09",17890100,0.7,0.999,0.127571428571429,213186,0.000195746738884569,0.0118457040015237,0.18107500510934,10.957837279039
343,3310.0574569364,2065.55517045547,4553.57982015283,"2021-12-10",17890100,0.7,0.999,0.126428571428571,210914,0.000185021741462395,0.0117202027918752,0.179440016349887,11.366628397158
344,3357.67268280896,2084.17368448847,4606.28067278197,"2021-12-11",17890100,0.7,0.999,0.125285714285714,208643,0.000187683281972094,0.0115947408915906,0.177805027590435,10.9844798240461
345,3493.35137364798,2087.99844636873,4929.8908354269,"2021-12-12",17890100,0.7,0.999,0.124142857142857,206371,0.00019526729161089,0.0114692078082013,0.176170038830983,10.3475127260829
346,3474.11688055963,2195.49425768154,5182.49875367782,"2021-12-13",17890100,0.7,0.999,0.123,204100,0.000194192144289838,0.0113437140441593,0.174535050071531,10.1954469164286
347,3828.50637450301,2300.65231362976,5338.61166778343,"2021-12-14",17890100,0.7,0.999,0.121714285714286,198671,0.000214001395995719,0.0110436469891969,0.172695687717147,8.91204565666907
348,3983.51812031307,2380.77511393081,5398.22957774372,"2021-12-15",17890100,0.7,0.999,0.120428571428571,193243,0.000222666062253038,0.0107435441571967,0.170856325362763,8.24374607202253
349,3946.64102612805,2405.29843736979,5379.58283175314,"2021-12-16",17890100,0.7,0.999,0.119142857142857,187814,0.000220604749337793,0.0104432949446807,0.169016963008379,8.00116044939698
350,3896.45290747061,2355.11031871234,5312.21399506323,"2021-12-17",17890100,0.7,0.999,0.117857142857143,182386,0.000217799392259999,0.0101430099334081,0.167177600653996,7.78553166049509
351,3775.95245001921,2293.30385571701,5141.93972860997,"2021-12-18",17890100,0.7,0.999,0.116571428571429,176957,0.000211063797855753,0.00984257845275849,0.165338238299612,7.71024968866045
352,3616.79265202644,2242.35897684125,4677.74576067592,"2021-12-19",17890100,0.7,0.999,0.115285714285714,171529,0.000202167268602548,0.00954211115162062,0.163498875945227,7.71699819767329
353,3391.10095163066,2109.35580600968,4275.23435319703,"2021-12-20",17890100,0.7,0.999,0.114,166100,0.00018955181645886,0.00924149729219048,0.161659513590844,7.88162300428739
354,3041.45497032079,2008.94126269498,3934.40550617331,"2021-12-21",17890100,0.7,0.999,0.125142857142857,157229,0.000170007712104504,0.008750097112596,0.177600653995504,9.14089690687653
355,2856.66727493444,1902.3537266793,3655.25921960475,"2021-12-22",17890100,0.7,0.999,0.136285714285714,148357,0.000159678664453214,0.00825839777124837,0.193541794400163,10.0097600953197
356,2489.80298223422,1820.15741917757,3354.20239741518,"2021-12-23",17890100,0.7,0.999,0.147428571428571,139486,0.000139172110957134,0.00776650999020523,0.209482934804823,11.6902107379853
357,2497.24791856834,1781.46430542412,3070.75266271802,"2021-12-24",17890100,0.7,0.999,0.158571428571429,130614,0.000139588259348374,0.00727432275055984,0.225424075209484,11.7474598972379
358,2334.05711513032,1730.75637400757,2804.91001551325,"2021-12-25",17890100,0.7,0.999,0.169714285714286,121743,0.000130466409641663,0.00678194688423606,0.241365215614143,12.5467242985628
359,2103.53070562221,1668.03362492791,2556.67445580088,"2021-12-26",17890100,0.7,0.999,0.180857142857143,112871,0.000117580712551758,0.00628927126216627,0.257306356018803,13.7630520802417
